From,To
/propiedades/bodega-en-renta-aeropuerto-quer-taro,/propiedades/bodega-en-renta-aeropuerto-queretaro-qw8957
/propiedades/bodega-en-renta-aguascalientes-ocupaci-n-inmediata,/propiedades/bodega-en-renta-aguascalientes-ocupacion-inmediata-qf3127
/propiedades/bodega-en-renta-apodaca-monterrey,/propiedades/bodega-en-renta-apodaca-monterrey-py0678
/propiedades/bodega-en-renta-apodaca-monterrey-d81bc,/propiedades/bodega-en-renta-apodaca-monterrey-py1568
/propiedades/bodega-en-renta-apodaca-monterrey-332a0,/propiedades/bodega-en-renta-apodaca-monterrey-qj0952
/propiedades/bodega-en-renta-apodaca-monterrey-fcbf9,/propiedades/bodega-en-renta-apodaca-monterrey-qj3666
/propiedades/bodega-en-renta-apodaca-monterrey-bb77b,/propiedades/bodega-en-renta-apodaca-monterrey-qy4337
/propiedades/bodega-en-renta-apodaca-monterrey-e24b7,/propiedades/bodega-en-renta-apodaca-monterrey-qy4399
/propiedades/bodega-en-renta-apodaca-monterrey-29bb9,/propiedades/bodega-en-renta-apodaca-monterrey-rb2085
/propiedades/bodega-en-renta-apodaca-monterrey-43ca9,/propiedades/bodega-en-renta-apodaca-monterrey-rb2104
/propiedades/bodega-en-renta-apodaca-monterrey-0edda,/propiedades/bodega-en-renta-apodaca-monterrey-re0256
/propiedades/bodega-en-renta-apodaca-monterrey-c46fb,/propiedades/bodega-en-renta-apodaca-monterrey-rj5355
/propiedades/bodega-en-renta-apodaca-monterrey-eeecd,/propiedades/bodega-en-renta-apodaca-monterrey-rl5095
/propiedades/bodega-en-renta-apodaca-monterrey-1948d,/propiedades/bodega-en-renta-apodaca-monterrey-rl5097
/propiedades/bodega-en-renta-apodaca-monterrey-a9c4a,/propiedades/bodega-en-renta-apodaca-monterrey-rs0579
/propiedades/bodega-en-renta-apodaca-monterrey-63a2c,/propiedades/bodega-en-renta-apodaca-monterrey-rs1496
/propiedades/bodega-en-renta-apodaca-monterrey-e5bb0,/propiedades/bodega-en-renta-apodaca-monterrey-sm0379
/propiedades/bodega-en-renta-apodaca-monterrey-en-parque-industrial,/propiedades/bodega-en-renta-apodaca-monterrey-en-parque-industrial-sz7127
/propiedades/bodega-en-renta-apodaca-monterrey-en-parque-industrial-ocupacion-inmediata,/propiedades/bodega-en-renta-apodaca-monterrey-en-parque-industrial-ocupacion-inmediata-vp0690
/propiedades/bodega-en-renta-apodaca-monterrey-en-parque-industrial-ocupaci-n-inmediata,/propiedades/bodega-en-renta-apodaca-monterrey-en-parque-industrial-ocupacion-inmediata-qg4141
/propiedades/bodega-en-renta-apodaca-monterrey-en-parque-industrial-ocupaci-n-inmediata-76100,/propiedades/bodega-en-renta-apodaca-monterrey-en-parque-industrial-ocupacion-inmediata-qy4009
/propiedades/bodega-en-renta-apodaca-monterrey-en-parque-industrial-ocupaci-n-inmediata-bb9b5,/propiedades/bodega-en-renta-apodaca-monterrey-en-parque-industrial-ocupacion-inmediata-rd8602
/propiedades/bodega-en-renta-apodaca-monterrey-en-parque-industrial-ocupaci-n-inmediata-e1e5c,/propiedades/bodega-en-renta-apodaca-monterrey-en-parque-industrial-ocupacion-inmediata-rl4050
/propiedades/bodega-en-renta-apodaca-monterrey-en-parque-industrial-ocupaci-n-inmediata-9dd84,/propiedades/bodega-en-renta-apodaca-monterrey-en-parque-industrial-ocupacion-inmediata-rq1854
/propiedades/bodega-en-renta-apodaca-monterrey-en-parque-industrial-ocupaci-n-inmediata-18573,/propiedades/bodega-en-renta-apodaca-monterrey-en-parque-industrial-ocupacion-inmediata-rq1861
/propiedades/bodega-en-renta-apodaca-monterrey-en-parque-industrial-ocupaci-n-inmediata-7f2f4,/propiedades/bodega-en-renta-apodaca-monterrey-en-parque-industrial-ocupacion-inmediata-sp5560
/propiedades/bodega-en-renta-apodaca-monterrey-en-parque-industrial-ocupaci-n-inmediata-6e847,/propiedades/bodega-en-renta-apodaca-monterrey-en-parque-industrial-ocupacion-inmediata-sp5671
/propiedades/bodega-en-renta-apodaca-monterrey-en-parque-industrial-ocupaci-n-inmediata-96611,/propiedades/bodega-en-renta-apodaca-monterrey-en-parque-industrial-ocupacion-inmediata-uu8000
/propiedades/bodega-en-renta-apodaca-monterrey-en-parque-industrial-ocupaci-n-inmediata-f1247,/propiedades/bodega-en-renta-apodaca-monterrey-en-parque-industrial-ocupacion-inmediata-uy1973
/propiedades/bodega-en-renta-apodaca-monterrey-ocupaci-n-inmediata,/propiedades/bodega-en-renta-apodaca-monterrey-ocupacion-inmediata-rw2135
/propiedades/bodega-en-renta-apodaca-monterrey-ocupaci-n-inmediata-95686,/propiedades/bodega-en-renta-apodaca-monterrey-ocupacion-inmediata-ui3461
/propiedades/bodega-en-renta-atizap-n,/propiedades/bodega-en-renta-atizapan-qx4544
/propiedades/bodega-en-renta-atizap-n-5af63,/propiedades/bodega-en-renta-atizapan-uz6377
/propiedades/bodega-en-renta-centro-monterrey-en-parque-industrial-ocupaci-n-inmediata,/propiedades/bodega-en-renta-centro-monterrey-en-parque-industrial-ocupacion-inmediata-lf3438
/propiedades/bodega-en-renta-ci-nega-de-flores-monterrey,/propiedades/bodega-en-renta-cienega-de-flores-monterrey-qy1874
/propiedades/bodega-en-renta-ci-nega-de-flores-monterrey-en-parque-industrial,/propiedades/bodega-en-renta-cienega-de-flores-monterrey-en-parque-industrial-uw3004
/propiedades/bodega-en-renta-ci-nega-de-flores-monterrey-en-parque-ocupaci-n-inmediata,/propiedades/bodega-en-renta-cienega-de-flores-monterrey-en-parque-ocupacion-inmediata-rj2907
/propiedades/bodega-en-renta-ci-nega-de-flores-monterrey-en-parque-ocupaci-n-inmediata-aa48c,/propiedades/bodega-en-renta-cienega-de-flores-monterrey-en-parque-ocupacion-inmediata-rj2934
/propiedades/bodega-en-renta-ci-nega-de-flores-monterrey-en-parque-ocupaci-n-inmediata-0dae1,/propiedades/bodega-en-renta-cienega-de-flores-monterrey-en-parque-ocupacion-inmediata-vm5044
/propiedades/bodega-en-renta-cuautitlan,/propiedades/bodega-en-renta-cuautitlan-vp4941
/propiedades/bodega-en-renta-cuautitl-n-f3d5a,/propiedades/bodega-en-renta-cuautitlan-vz9294
/propiedades/bodega-en-renta-cuautitl-n-izcalli,/propiedades/bodega-en-renta-cuautitlan-izcalli-tz1812
/propiedades/bodega-en-renta-cuautitl-n-izcalli-en-parque-industrial,/propiedades/bodega-en-renta-cuautitlan-izcalli-en-parque-industrial-tx5280
/propiedades/bodega-en-renta-cuautitl-n-izcalli-en-parque-industrial-b9d0d,/propiedades/bodega-en-renta-cuautitlan-izcalli-en-parque-industrial-ocupacion-inmediata-ul0921
/propiedades/bodega-en-renta-cuautitl-n-izcalli-en-parque-industrial-eb0a7,/propiedades/bodega-en-renta-cuautitlan-izcalli-en-parque-industrial-vh1319
/propiedades/bodega-en-renta-cuautitl-n-izcalli-en-parque-industrial-88374,/propiedades/bodega-en-renta-cuautitlan-izcalli-en-parque-industrial-vh5231
/propiedades/bodega-en-renta-cuautitl-n-izcalli-en-parque-industrial-a3723,/propiedades/bodega-en-renta-cuautitlan-izcalli-en-parque-industrial-vh5401
/propiedades/bodega-en-renta-cuautitl-n-izcalli-en-parque-industrial-f6d91,/propiedades/bodega-en-renta-cuautitlan-izcalli-en-parque-industrial-vh5696
/propiedades/bodega-en-renta-cuautitl-n-izcalli-en-parque-industrial-921ea,/propiedades/bodega-en-renta-cuautitlan-izcalli-en-parque-industrial-vh5862
/propiedades/bodega-en-renta-cuautitl-n-izcalli-en-parque-industrial-b1f77,/propiedades/bodega-en-renta-cuautitlan-izcalli-en-parque-industrial-vh5992
/propiedades/bodega-en-renta-cuautitl-n-izcalli-en-parque-industrial-ocupaci-n-inmediata-7c919,/propiedades/bodega-en-renta-cuautitlan-izcalli-en-parque-industrial-ocupacion-inmediata-qy8930
/propiedades/bodega-en-renta-cuautitl-n-izcalli-en-parque-industrial-ocupaci-n-inmediata-01b3e,/propiedades/bodega-en-renta-cuautitlan-izcalli-en-parque-industrial-ocupacion-inmediata-qz3170
/propiedades/bodega-en-renta-cuautitl-n-izcalli-en-parque-industrial-ocupaci-n-inmediata-0a9c1,/propiedades/bodega-en-renta-cuautitlan-izcalli-en-parque-industrial-ocupacion-inmediata-sm3188
/propiedades/bodega-en-renta-cuautitl-n-izcalli-en-parque-industrial-ocupaci-n-inmediata-f8516,/propiedades/bodega-en-renta-cuautitlan-izcalli-en-parque-industrial-ocupacion-inmediata-sq9524
/propiedades/bodega-en-renta-cuautitl-n-izcalli-en-parque-industrial-ocupaci-n-inmediata-67b06,/propiedades/bodega-en-renta-cuautitlan-izcalli-en-parque-industrial-ocupacion-inmediata-st7254
/propiedades/bodega-en-renta-cuautitl-n-izcalli-en-parque-industrial-ocupaci-n-inmediata-bdc14,/propiedades/bodega-en-renta-cuautitlan-izcalli-en-parque-industrial-ocupacion-inmediata-tx7703
/propiedades/bodega-en-renta-cuautitl-n-izcalli-en-parque-industrial-ocupaci-n-inmediata-0d68e,/propiedades/bodega-en-renta-cuautitlan-izcalli-en-parque-industrial-ocupacion-inmediata-tx7892
/propiedades/bodega-en-renta-cuautitl-n-izcalli-en-parque-industrial-ocupaci-n-inmediata-51b31,/propiedades/bodega-en-renta-cuautitlan-izcalli-en-parque-industrial-ocupacion-inmediata-tx7949
/propiedades/bodega-en-renta-cuautitl-n-izcalli-en-parque-industrial-ocupaci-n-inmediata-07665,/propiedades/bodega-en-renta-cuautitlan-izcalli-en-parque-industrial-ocupacion-inmediata-ty0360
/propiedades/bodega-en-renta-cuautitl-n-izcalli-en-parque-industrial-ocupaci-n-inmediata-9bf5c,/propiedades/bodega-en-renta-cuautitlan-izcalli-en-parque-industrial-ocupacion-inmediata-ty0388
/propiedades/bodega-en-renta-cuautitl-n-izcalli-en-parque-industrial-ocupaci-n-inmediata-5d082,/propiedades/bodega-en-renta-cuautitlan-izcalli-en-parque-industrial-ocupacion-inmediata-ve3396
/propiedades/bodega-en-renta-cuautitl-n-izcalli-en-parque-industrial-ocupaci-n-inmediata-53da2,/propiedades/bodega-en-renta-cuautitlan-izcalli-en-parque-industrial-ocupacion-inmediata-ve3463
/propiedades/bodega-en-renta-cuautitl-n-izcalli-en-parque-industrial-ocupaci-n-inmediata-45204,/propiedades/bodega-en-renta-cuautitlan-izcalli-en-parque-industrial-ocupacion-inmediata-ve4141
/propiedades/bodega-en-renta-cuautitl-n-izcalli-en-parque-industrial-ocupaci-n-inmediata-87f52,/propiedades/bodega-en-renta-cuautitlan-izcalli-en-parque-industrial-ocupacion-inmediata-ve6332
/propiedades/bodega-en-renta-cuautitl-n-izcalli-en-parque-industrial-ocupaci-n-inmediata-8e028,/propiedades/bodega-en-renta-cuautitlan-izcalli-en-parque-industrial-ocupacion-inmediata-ve6385
/propiedades/bodega-en-renta-cuautitl-n-izcalli-en-parque-industrial-ocupaci-n-inmediata-ef50b,/propiedades/bodega-en-renta-cuautitlan-izcalli-en-parque-industrial-ocupacion-inmediata-vy6928
/propiedades/bodega-en-renta-cuautitl-n-izcalli-ocupaci-n-inmediata-146b5,/propiedades/bodega-en-renta-cuautitlan-izcalli-ocupacion-inmediata-sw2735
/propiedades/bodega-en-renta-cuautitl-n-izcalli-ocupaci-n-inmediata-d4370,/propiedades/bodega-en-renta-cuautitlan-izcalli-ocupacion-inmediata-sz8740
/propiedades/bodega-en-renta-cuautitl-n-izcalli-ocupaci-n-inmediata-265d1,/propiedades/bodega-en-renta-cuautitlan-izcalli-ocupacion-inmediata-sz8743
/propiedades/bodega-en-renta-cuautitl-n-izcalli-ocupaci-n-inmediata-419c4,/propiedades/bodega-en-renta-cuautitlan-izcalli-ocupacion-inmediata-th6123
/propiedades/bodega-en-renta-cuautitl-n-en-parque-industrial,/propiedades/bodega-en-renta-cuautitlan-en-parque-industrial-tu3110
/propiedades/bodega-en-renta-cuautitl-n-en-parque-industrial-ocupaci-n-inmediata,/propiedades/bodega-en-renta-cuautitlan-en-parque-industrial-ocupacion-inmediata-qc4131
/propiedades/bodega-en-renta-cuautitl-n-en-parque-industrial-ocupaci-n-inmediata-5a569,/propiedades/bodega-en-renta-cuautitlan-en-parque-industrial-ocupacion-inmediata-qm8523
/propiedades/bodega-en-renta-cuautitl-n-en-parque-industrial-ocupaci-n-inmediata-9c228,/propiedades/bodega-en-renta-cuautitlan-en-parque-industrial-ocupacion-inmediata-ol2295
/propiedades/bodega-en-renta-cuautitl-n-en-parque-industrial-ocupaci-n-inmediata-c3e96,/propiedades/bodega-en-renta-cuautitlan-en-parque-industrial-ocupacion-inmediata-ol2319
/propiedades/bodega-en-renta-cuautitl-n-en-parque-industrial-ocupaci-n-inmediata-7327e,/propiedades/bodega-en-renta-cuautitlan-en-parque-industrial-ocupacion-inmediata-vz1717
/propiedades/bodega-en-renta-el-jaral-monterrey,/propiedades/bodega-en-renta-el-jaral-monterrey-pm5050
/propiedades/bodega-en-renta-el-jaral-monterrey-b4b1a,/propiedades/bodega-en-renta-el-jaral-monterrey-pm6842
/propiedades/bodega-en-renta-el-salto-guadalajara-en-parque-industrial-ocupacion-inmediata,/propiedades/bodega-en-renta-el-salto-guadalajara-en-parque-industrial-ocupacion-inmediata-vq6974
/propiedades/bodega-en-renta-el-salto-guadalajara-en-parque-industrial-ocupaci-n-inmediata,/propiedades/bodega-en-renta-el-salto-guadalajara-en-parque-industrial-ocupacion-inmediata-rz9329
/propiedades/bodega-en-renta-el-salto-guadalajara-en-parque-industrial-ocupaci-n-inmediata-e12f5,/propiedades/bodega-en-renta-el-salto-guadalajara-en-parque-industrial-ocupacion-inmediata-sb9395
/propiedades/bodega-en-renta-el-salto-guadalajara-en-parque-industrial-ocupaci-n-inmediata-5686e,/propiedades/bodega-en-renta-el-salto-guadalajara-en-parque-industrial-ocupacion-inmediata-sb9420
/propiedades/bodega-en-renta-el-salto-guadalajara-en-parque-industrial-ocupaci-n-inmediata-c9ec9,/propiedades/bodega-en-renta-el-salto-guadalajara-en-parque-industrial-ocupacion-inmediata-se1002
/propiedades/bodega-en-renta-el-salto-guadalajara-en-parque-industrial-ocupaci-n-inmediata-c1220,/propiedades/bodega-en-renta-el-salto-guadalajara-en-parque-industrial-ocupacion-inmediata-se1019
/propiedades/bodega-en-renta-el-salto-guadalajara-en-parque-industrial-ocupaci-n-inmediata-09437,/propiedades/bodega-en-renta-el-salto-guadalajara-en-parque-industrial-ocupacion-inmediata-se1040
/propiedades/bodega-en-renta-el-salto-guadalajara-en-parque-industrial-ocupaci-n-inmediata-d7f2c,/propiedades/bodega-en-renta-el-salto-guadalajara-en-parque-industrial-ocupacion-inmediata-se7304
/propiedades/bodega-en-renta-el-salto-guadalajara-en-parque-industrial-ocupaci-n-inmediata-9f5ee,/propiedades/bodega-en-renta-el-salto-guadalajara-en-parque-industrial-ocupacion-inmediata-se8393
/propiedades/bodega-en-renta-el-salto-guadalajara-en-parque-industrial-ocupaci-n-inmediata-3121a,/propiedades/bodega-en-renta-el-salto-guadalajara-en-parque-industrial-ocupacion-inmediata-se8438
/propiedades/bodega-en-renta-el-salto-guadalajara-en-parque-industrial-ocupaci-n-inmediata-24759,/propiedades/bodega-en-renta-el-salto-guadalajara-en-parque-industrial-ocupacion-inmediata-uj5203
/propiedades/bodega-en-renta-el-salto-guadalajara-en-parque-industrial-ocupaci-n-inmediata-94af2,/propiedades/bodega-en-renta-el-salto-guadalajara-en-parque-industrial-ocupacion-inmediata-uu6646
/propiedades/bodega-en-renta-el-salto-guadalajara-en-parque-industrial-ocupaci-n-inmediata-ead96,/propiedades/bodega-en-renta-el-salto-guadalajara-en-parque-industrial-ocupacion-inmediata-uu8106
/propiedades/bodega-en-renta-el-salto-guadalajara-en-parque-industrial-ocupaci-n-inmediata-17ee2,/propiedades/bodega-en-renta-el-salto-guadalajara-en-parque-industrial-ocupacion-inmediata-uu9705
/propiedades/bodega-en-renta-el-salto-guadalajara-en-parque-industrial-ocupaci-n-inmediata-e1f47,/propiedades/bodega-en-renta-el-salto-guadalajara-en-parque-industrial-ocupacion-inmediata-se7367
/propiedades/bodega-en-renta-el-salto-guadalajara-en-parque-industrial-ocupaci-n-inmediata-c99a7,/propiedades/bodega-en-renta-el-salto-guadalajara-en-parque-industrial-ocupacion-inmediata-sb9202
/propiedades/bodega-en-renta-escobedo-monterrey-2931f,/propiedades/bodega-en-renta-escobedo-monterrey-qd6613
/propiedades/bodega-en-renta-escobedo-monterrey-en-parque-industrial,/propiedades/bodega-en-renta-escobedo-monterrey-en-parque-industrial-ocupacion-inmediata-uw0709
/propiedades/bodega-en-renta-garc-a-monterrey-en-parque-industrial-ocupaci-n-inmediata,/propiedades/bodega-en-renta-garcia-monterrey-en-parque-industrial-ocupacion-inmediata-pm4962
/propiedades/bodega-en-renta-garc-a-monterrey-en-parque-industrial-ocupaci-n-inmediata-a9043,/propiedades/bodega-en-renta-garcia-monterrey-en-parque-industrial-ocupacion-inmediata-pm6879
/propiedades/bodega-en-renta-garc-a-monterrey-en-parque-industrial-ocupaci-n-inmediata-3ed36,/propiedades/bodega-en-renta-garcia-monterrey-en-parque-industrial-ocupacion-inmediata-rb4859
/propiedades/bodega-en-renta-guadalupe-monterrey-en-parque-industrial-ocupaci-n-inmediata-73353,/propiedades/bodega-en-renta-guadalupe-monterrey-en-parque-industrial-ocupacion-inmediata-qm3255
/propiedades/bodega-en-renta-guadalupe-monterrey,/propiedades/bodega-en-renta-guadalupe-monterrey-rl5188
/propiedades/bodega-en-renta-guadalupe-monterrey-2b065,/propiedades/bodega-en-renta-guadalupe-monterrey-uv8923
/propiedades/bodega-en-renta-guadalupe-monterrey-en-parque-industrial-ocupaci-n-inmediata,/propiedades/bodega-en-renta-guadalupe-monterrey-en-parque-industrial-ocupacion-inmediata-qm3110
/propiedades/bodega-en-renta-guadalupe-monterrey-en-parque-industrial-ocupaci-n-inmediata-030f2,/propiedades/bodega-en-renta-guadalupe-monterrey-en-parque-industrial-ocupacion-inmediata-qm3237
/propiedades/bodega-en-renta-guadalupe-monterrey-en-parque-industrial-ocupaci-n-inmediata-8840f,/propiedades/bodega-en-renta-guadalupe-monterrey-en-parque-industrial-ocupacion-inmediata-rw9528
/propiedades/bodega-en-renta-guadalupe-monterrey-en-parque-industrial-ocupaci-n-inmediata-34f69,/propiedades/bodega-en-renta-guadalupe-monterrey-en-parque-industrial-ocupacion-inmediata-uu8033
/propiedades/bodega-en-renta-guadalupe-monterrey-en-parque-industrial-ocupaci-n-inmediata-ccea2,/propiedades/bodega-en-renta-guadalupe-monterrey-en-parque-industrial-ocupacion-inmediata-uv7983
/propiedades/bodega-en-renta-guadalupe-monterrey-en-parque-industrial-ocupaci-n-inmediata-b14f2,/propiedades/bodega-en-renta-guadalupe-monterrey-en-parque-industrial-ocupacion-inmediata-uz2162
/propiedades/bodega-en-renta-guadalupe-monterrey-en-parque-industrial-ocupaci-n-inmediata-1c092,/propiedades/bodega-en-renta-guadalupe-monterrey-en-parque-industrial-ocupacion-inmediata-uy2411
/propiedades/bodega-en-renta-guadalupe-monterrey-en-parque-industrial-ocupaci-n-inmediata-4794e,/propiedades/bodega-en-renta-guadalupe-monterrey-en-parque-industrial-ocupacion-inmediata-uy2414
/propiedades/bodega-en-renta-guadalupe-monterrey-ocupaci-n-inmediata,/propiedades/bodega-en-renta-guadalupe-monterrey-ocupacion-inmediata-rd7598
/propiedades/bodega-en-renta-gustavo-a-madero-en-parque-industrial-ocupaci-n-inmediata,/propiedades/bodega-en-renta-gustavo-a-madero-en-parque-industrial-ocupacion-inmediata-qk9981
/propiedades/bodega-en-renta-huehuetoca-en-parque-industrial-ocupaci-n-inmediata,/propiedades/bodega-en-renta-huehuetoca-en-parque-industrial-ocupacion-inmediata-vy4361
/propiedades/bodega-en-renta-huehuetoca-en-parque-industrial-ocupaci-n-inmediata-4f670,/propiedades/bodega-en-renta-huehuetoca-en-parque-industrial-ocupacion-inmediata-vy4690
/propiedades/bodega-en-renta-huehuetoca-en-parque-industrial-ocupaci-n-inmediata-e83e0,/propiedades/bodega-en-renta-huehuetoca-en-parque-industrial-ocupacion-inmediata-vy4720
/propiedades/bodega-en-renta-huehuetoca-en-parque-industrial-ocupaci-n-inmediata-ee7e9,/propiedades/bodega-en-renta-huehuetoca-en-parque-industrial-ocupacion-inmediata-vy4740
/propiedades/bodega-en-renta-huehuetoca-en-parque-industrial-ocupaci-n-inmediata-9e460,/propiedades/bodega-en-renta-huehuetoca-en-parque-industrial-ocupacion-inmediata-vy4760
/propiedades/bodega-en-renta-iztacalco,/propiedades/bodega-en-renta-iztacalco-vp5924
/propiedades/bodega-en-renta-ju-rez-monterrey-en-parque-industrial-ocupaci-n-inmediata,/propiedades/bodega-en-renta-juarez-monterrey-en-parque-industrial-ocupacion-inmediata-sq5354
/propiedades/bodega-en-renta-ju-rez-monterrey-en-parque-industrial-ocupaci-n-inmediata-60417,/propiedades/bodega-en-renta-juarez-monterrey-en-parque-industrial-ocupacion-inmediata-sq5427
/propiedades/bodega-en-renta-la-calera-guadalajara,/propiedades/bodega-en-renta-la-calera-guadalajara-rz8489
/propiedades/bodega-en-renta-la-llosa-quer-taro,/propiedades/bodega-en-renta-la-llosa-queretaro-qw9788
/propiedades/bodega-en-renta-la-llosa-quer-taro-2f742,/propiedades/bodega-en-renta-la-llosa-queretaro-qw9976
/propiedades/bodega-en-renta-la-llosa-quer-taro-a5b3b,/propiedades/bodega-en-renta-la-llosa-queretaro-qx1437
/propiedades/bodega-en-renta-la-llosa-quer-taro-6fdf8,/propiedades/bodega-en-renta-la-llosa-queretaro-qx1463
/propiedades/bodega-en-renta-la-llosa-quer-taro-en-parque-industrial-ocupaci-n-inmediata,/propiedades/bodega-en-renta-la-llosa-queretaro-en-parque-industrial-ocupacion-inmediata-va5039
/propiedades/bodega-en-renta-la-llosa-quer-taro-en-parque-industrial-ocupaci-n-inmediata-418bb,/propiedades/bodega-en-renta-la-llosa-queretaro-en-parque-industrial-ocupacion-inmediata-ve6823
/propiedades/bodega-en-renta-lerma-en-parque-industrial,/propiedades/bodega-en-renta-lerma-en-parque-industrial-sd3183
/propiedades/bodega-en-renta-lerma-en-parque-industrial-108bc,/propiedades/bodega-en-renta-lerma-en-parque-industrial-sw4040
/propiedades/bodega-en-renta-lerma-en-parque-industrial-d83d8,/propiedades/bodega-en-renta-lerma-en-parque-industrial-sw5580
/propiedades/bodega-en-renta-lerma-en-parque-industrial-54668,/propiedades/bodega-en-renta-lerma-en-parque-industrial-tt2108
/propiedades/bodega-en-renta-lerma-en-parque-industrial-3e5fc,/propiedades/bodega-en-renta-lerma-en-parque-industrial-ul0846
/propiedades/bodega-en-renta-lerma-en-parque-industrial-132b6,/propiedades/bodega-en-renta-lerma-en-parque-industrial-vx7598
/propiedades/bodega-en-renta-lerma-en-parque-industrial-f05f0,/propiedades/bodega-en-renta-lerma-en-parque-industrial-vx7578
/propiedades/bodega-en-renta-lerma-en-parque-industrial-ocupaci-n-inmediata-3eb12,/propiedades/bodega-en-renta-lerma-en-parque-industrial-ocupacion-inmediata-sw3647
/propiedades/bodega-en-renta-lerma-en-parque-industrial-ocupaci-n-inmediata-a430e,/propiedades/bodega-en-renta-lerma-en-parque-industrial-ocupacion-inmediata-sw5672
/propiedades/bodega-en-renta-lerma-en-parque-industrial-ocupaci-n-inmediata-d6baa,/propiedades/bodega-en-renta-lerma-en-parque-industrial-ocupacion-inmediata-tt2128
/propiedades/bodega-en-renta-lerma-en-parque-industrial-ocupaci-n-inmediata-c5f43,/propiedades/bodega-en-renta-lerma-en-parque-industrial-ocupacion-inmediata-tt4204
/propiedades/bodega-en-renta-lerma-en-parque-industrial-ocupaci-n-inmediata-42ea6,/propiedades/bodega-en-renta-lerma-en-parque-industrial-ocupacion-inmediata-tv2795
/propiedades/bodega-en-renta-lerma-en-parque-industrial-ocupaci-n-inmediata-350d3,/propiedades/bodega-en-renta-lerma-en-parque-industrial-ocupacion-inmediata-tv2836
/propiedades/bodega-en-renta-lerma-ocupaci-n-inmediata,/propiedades/bodega-en-renta-lerma-ocupacion-inmediata-uf6349
/propiedades/bodega-en-renta-lerma-ocupaci-n-inmediata-9266d,/propiedades/bodega-en-renta-lerma-ocupacion-inmediata-vb8295
/propiedades/bodega-en-renta-mar-n-monterrey,/propiedades/bodega-en-renta-marin-monterrey-qy4179
/propiedades/bodega-en-renta-nextlalpan-en-parque-industrial,/propiedades/bodega-en-renta-nextlalpan-en-parque-industrial-un0722
/propiedades/bodega-en-renta-nextlalpan-en-parque-industrial-18e9e,/propiedades/bodega-en-renta-nextlalpan-en-parque-industrial-vm5796
/propiedades/bodega-en-renta-nextlalpan-en-parque-industrial-1660a,/propiedades/bodega-en-renta-nextlalpan-en-parque-industrial-vd7496
/propiedades/bodega-en-renta-nextlalpan-en-parque-industrial-2b252,/propiedades/bodega-en-renta-nextlalpan-en-parque-industrial-vy6981
/propiedades/bodega-en-renta-nueva-vallejo-en-parque-industrial-ocupaci-n-inmediata,/propiedades/bodega-en-renta-nueva-vallejo-en-parque-industrial-ocupacion-inmediata-rl9214
/propiedades/bodega-en-renta-parque-industrial-quer-taro-en-parque-ocupaci-n-inmediata,/propiedades/bodega-en-renta-parque-industrial-queretaro-en-parque-ocupacion-inmediata-tz5392
/propiedades/bodega-en-renta-parque-industrial-quer-taro-en-parque-ocupaci-n-inmediata-3faa7,/propiedades/bodega-en-renta-parque-industrial-queretaro-en-parque-ocupacion-inmediata-tz5516
/propiedades/bodega-en-renta-parque-industrial-quer-taro-en-parque-ocupaci-n-inmediata-19fae,/propiedades/bodega-en-renta-parque-industrial-queretaro-en-parque-ocupacion-inmediata-ve6873
/propiedades/bodega-en-renta-quer-taro-en-parque-industrial,/propiedades/bodega-en-renta-queretaro-en-parque-industrial-vi9506
/propiedades/bodega-en-renta-quer-taro-en-parque-industrial-ocupaci-n-inmediata,/propiedades/bodega-en-renta-queretaro-en-parque-industrial-ocupacion-inmediata-vj2217
/propiedades/bodega-en-renta-quer-taro-ocupaci-n-inmediata,/propiedades/bodega-en-renta-queretaro-ocupacion-inmediata-vj6587
/propiedades/bodega-en-renta-ramos-arizpe-coahuila-en-parque-industrial,/propiedades/bodega-en-renta-ramos-arizpe-coahuila-en-parque-industrial-to8250
/propiedades/bodega-en-renta-ramos-arizpe-coahuila-en-parque-ocupaci-n-inmediata,/propiedades/bodega-en-renta-ramos-arizpe-coahuila-en-parque-ocupacion-inmediata-tr0804
/propiedades/bodega-en-renta-san-isidro-le-n-en-parque-industrial,/propiedades/bodega-en-renta-san-isidro-leon-en-parque-industrial-to8302
/propiedades/bodega-en-renta-san-luis-potos-en-parque-industrial,/propiedades/bodega-en-renta-san-luis-potosi-en-parque-industrial-uz7529
/propiedades/bodega-en-renta-san-luis-potos-en-parque-industrial-8cffc,/propiedades/bodega-en-renta-san-luis-potosi-en-parque-industrial-uz8379
/propiedades/bodega-en-renta-san-luis-potos-en-parque-industrial-7a3e6,/propiedades/bodega-en-renta-san-luis-potosi-en-parque-industrial-va6546
/propiedades/bodega-en-renta-san-luis-potos-en-parque-industrial-7c924,/propiedades/bodega-en-renta-san-luis-potosi-en-parque-industrial-va8396
/propiedades/bodega-en-renta-san-luis-potos-en-parque-industrial-ocupaci-n-inmediata,/propiedades/bodega-en-renta-san-luis-potosi-en-parque-industrial-ocupacion-inmediata-uz7722
/propiedades/bodega-en-renta-san-luis-potos-en-parque-industrial-ocupaci-n-inmediata-27f80,/propiedades/bodega-en-renta-san-luis-potosi-en-parque-industrial-ocupacion-inmediata-uz8038
/propiedades/bodega-en-renta-san-luis-potos-en-parque-industrial-ocupaci-n-inmediata-ae8b8,/propiedades/bodega-en-renta-san-luis-potosi-en-parque-industrial-ocupacion-inmediata-va6480
/propiedades/bodega-en-renta-san-luis-potos-en-parque-industrial-ocupaci-n-inmediata-96337,/propiedades/bodega-en-renta-san-luis-potosi-en-parque-industrial-ocupacion-inmediata-va8377
/propiedades/bodega-en-renta-san-mart-n-obispo-en-parque-industrial-ocupaci-n-inmediata,/propiedades/bodega-en-renta-san-martin-obispo-en-parque-industrial-ocupacion-inmediata-pp9451
/propiedades/bodega-en-renta-san-nicol-s-de-los-garza-monterrey,/propiedades/bodega-en-renta-san-nicolas-de-los-garza-monterrey-ql0958
/propiedades/bodega-en-renta-santa-catarina-monterrey-en-parque-industrial-ocupaci-n-inmed,/propiedades/bodega-en-renta-santa-catarina-monterrey-en-parque-industrial-ocupacion-inmed-qi5867
/propiedades/bodega-en-renta-teoloyucan-en-parque-industrial-ocupacion-inmediata,/propiedades/bodega-en-renta-teoloyucan-en-parque-industrial-ocupacion-inmediata-vp9947
/propiedades/bodega-en-renta-teoloyucan-en-parque-industrial-ocupaci-n-inmediata,/propiedades/bodega-en-renta-teoloyucan-en-parque-industrial-ocupacion-inmediata-rg7290
/propiedades/bodega-en-renta-teoloyucan-en-parque-industrial-ocupaci-n-inmediata-f60a1,/propiedades/bodega-en-renta-teoloyucan-en-parque-industrial-ocupacion-inmediata-sg7046
/propiedades/bodega-en-renta-teoloyucan-en-parque-industrial-ocupaci-n-inmediata-3e983,/propiedades/bodega-en-renta-teoloyucan-en-parque-industrial-ocupacion-inmediata-sh7674
/propiedades/bodega-en-renta-teoloyucan-en-parque-industrial-ocupaci-n-inmediata-dd19c,/propiedades/bodega-en-renta-teoloyucan-en-parque-industrial-ocupacion-inmediata-sh9475
/propiedades/bodega-en-renta-teoloyucan-en-parque-industrial-ocupaci-n-inmediata-b6c87,/propiedades/bodega-en-renta-teoloyucan-en-parque-industrial-ocupacion-inmediata-sl9847
/propiedades/bodega-en-renta-tepeji-en-parque-industrial-ocupaci-n-inmediata,/propiedades/bodega-en-renta-tepeji-en-parque-industrial-ocupacion-inmediata-rt5115
/propiedades/bodega-en-renta-tepeji-en-parque-industrial-ocupaci-n-inmediata-9cacd,/propiedades/bodega-en-renta-tepeji-en-parque-industrial-ocupacion-inmediata-rt5173
/propiedades/bodega-en-renta-tepotzotl-n-en-parque-industrial,/propiedades/bodega-en-renta-tepotzotlan-en-parque-industrial-vi8688
/propiedades/bodega-en-renta-tepotzotl-n-en-parque-industrial-ocupaci-n-inmediata,/propiedades/bodega-en-renta-tepotzotlan-en-parque-industrial-ocupacion-inmediata-qe8190
/propiedades/bodega-en-renta-tepotzotl-n-en-parque-industrial-ocupaci-n-inmediata-9a58c,/propiedades/bodega-en-renta-tepotzotlan-en-parque-industrial-ocupacion-inmediata-sj9392
/propiedades/bodega-en-renta-tepotzotl-n-ocupaci-n-inmediata,/propiedades/bodega-en-renta-tepotzotlan-ocupacion-inmediata-uf2677
/propiedades/bodega-en-renta-tijuana-en-parque-industrial-ocupacion-inmediata,/propiedades/bodega-en-renta-tijuana-en-parque-industrial-ocupacion-inmediata-vp7824
/propiedades/bodega-en-renta-tijuana-en-parque-industrial-ocupacion-inmediata-2,/propiedades/bodega-en-renta-tijuana-en-parque-industrial-ocupacion-inmediata-vp7676
/propiedades/bodega-en-renta-tijuana-en-parque-industrial-ocupacion-inmediata-3,/propiedades/bodega-en-renta-tijuana-en-parque-industrial-ocupacion-inmediata-vn1114
/propiedades/bodega-en-renta-tijuana-en-parque-industrial-ocupacion-inmediata-4,/propiedades/bodega-en-renta-tijuana-en-parque-industrial-ocupacion-inmediata-vn1069
/propiedades/bodega-en-renta-tijuana-en-parque-industrial-ocupacion-inmediata-5,/propiedades/bodega-en-renta-tijuana-en-parque-industrial-ocupacion-inmediata-vn0979
/propiedades/bodega-en-renta-tijuana-en-parque-industrial-ocupaci-n-inmediata,/propiedades/bodega-en-renta-tijuana-en-parque-industrial-ocupacion-inmediata-vm7858
/propiedades/bodega-en-renta-tlalnepantla,/propiedades/bodega-en-renta-tlalnepantla-ue1323
/propiedades/bodega-en-renta-tlalnepantla-faee9,/propiedades/bodega-en-renta-tlalnepantla-vx4799
/propiedades/bodega-en-renta-tlalnepantla-en-conjunto-ocupaci-n-inmediata,/propiedades/bodega-en-renta-tlalnepantla-en-conjunto-ocupacion-inmediata-uf8581
/propiedades/bodega-en-renta-tlalnepantla-en-parque-industrial-1444c,/propiedades/bodega-en-renta-tlalnepantla-en-parque-industrial-vx7429
/propiedades/bodega-en-renta-tlalnepantla-en-parque-industrial-dd187,/propiedades/bodega-en-renta-tlalnepantla-en-parque-industrial-uw3099
/propiedades/bodega-en-renta-tlalnepantla-en-parque-industrial-5f4cc,/propiedades/bodega-en-renta-tlalnepantla-en-parque-industrial-uw3576
/propiedades/bodega-en-renta-tlalnepantla-en-parque-industrial-12d75,/propiedades/bodega-en-renta-tlalnepantla-en-parque-industrial-ocupacion-inmediata-uw2677
/propiedades/bodega-en-renta-tlalnepantla-en-parque-industrial-70a88,/propiedades/bodega-en-renta-tlalnepantla-en-parque-industrial-uw3559
/propiedades/bodega-en-renta-tlalnepantla-en-parque-industrial-ee604,/propiedades/bodega-en-renta-tlalnepantla-en-parque-industrial-uw3412
/propiedades/bodega-en-renta-tlalnepantla-en-parque-industrial-54861,/propiedades/bodega-en-renta-tlalnepantla-en-parque-industrial-uw3441
/propiedades/bodega-en-renta-tlalnepantla-en-parque-industrial-a08de,/propiedades/bodega-en-renta-tlalnepantla-en-parque-industrial-uw3494
/propiedades/bodega-en-renta-tlalnepantla-en-parque-industrial-01662,/propiedades/bodega-en-renta-tlalnepantla-en-parque-industrial-ocupacion-inmediata-uz5962
/propiedades/bodega-en-renta-tlalnepantla-en-parque-industrial-ocupaci-n-inmediata,/propiedades/bodega-en-renta-tlalnepantla-en-parque-industrial-ocupacion-inmediata-pi4313
/propiedades/bodega-en-renta-tlalnepantla-en-parque-industrial-ocupaci-n-inmediata-a9ca4,/propiedades/bodega-en-renta-tlalnepantla-en-parque-industrial-ocupacion-inmediata-se6164
/propiedades/bodega-en-renta-tlalnepantla-en-parque-industrial-ocupaci-n-inmediata-58b7b,/propiedades/bodega-en-renta-tlalnepantla-en-parque-industrial-ocupacion-inmediata-vz2786
/propiedades/bodega-en-renta-tlalnepantla-en-parque-industrial-ocupaci-n-inmediata-a34e1,/propiedades/bodega-en-renta-tlalnepantla-en-parque-industrial-ocupacion-inmediata-vx7513
/propiedades/bodega-en-renta-tlalnepantla-ocupaci-n-inmediata,/propiedades/bodega-en-renta-tlalnepantla-ocupacion-inmediata-ue1214
/propiedades/bodega-en-renta-tlaquepaque-guadalajara-en-parque-ocupaci-n-inmediata,/propiedades/bodega-en-renta-tlaquepaque-guadalajara-en-parque-ocupacion-inmediata-uj2081
/propiedades/bodega-en-renta-tlaquepaque-guadalajara-en-parque-ocupaci-n-inmediata-2df7d,/propiedades/bodega-en-renta-tlaquepaque-guadalajara-en-parque-ocupacion-inmediata-uj2149
/propiedades/bodega-en-renta-tlaquepaque-guadalajara-en-parque-ocupaci-n-inmediata-cc82d,/propiedades/bodega-en-renta-tlaquepaque-guadalajara-en-parque-ocupacion-inmediata-uj2272
/propiedades/bodega-en-renta-tlaquepaque-guadalajara-ocupaci-n-inmediata,/propiedades/bodega-en-renta-tlaquepaque-guadalajara-ocupacion-inmediata-uj6374
/propiedades/bodega-en-renta-toluca-en-parque-industrial,/propiedades/bodega-en-renta-toluca-en-parque-industrial-ocupacion-inmediata-vg0902
/propiedades/bodega-en-renta-toluca-en-parque-industrial-cfb1a,/propiedades/bodega-en-renta-toluca-en-parque-industrial-ue1664
/propiedades/bodega-en-renta-toluca-en-parque-industrial-b6439,/propiedades/bodega-en-renta-toluca-en-parque-industrial-ue5627
/propiedades/bodega-en-renta-toluca-en-parque-industrial-f9b94,/propiedades/bodega-en-renta-toluca-en-parque-industrial-ue6160
/propiedades/bodega-en-renta-toluca-en-parque-industrial-6ca9c,/propiedades/bodega-en-renta-toluca-en-parque-industrial-vx7659
/propiedades/bodega-en-renta-toluca-en-parque-industrial-ocupaci-n-inmediata,/propiedades/bodega-en-renta-toluca-en-parque-industrial-ocupacion-inmediata-tg7780
/propiedades/bodega-en-renta-toluca-en-parque-industrial-ocupaci-n-inmediata-7b845,/propiedades/bodega-en-renta-toluca-en-parque-industrial-tg7868
/propiedades/bodega-en-renta-toluca-en-parque-industrial-ocupaci-n-inmediata-98cf3,/propiedades/bodega-en-renta-toluca-en-parque-industrial-ocupacion-inmediata-tl2951
/propiedades/bodega-en-renta-toluca-en-parque-industrial-ocupaci-n-inmediata-4fb37,/propiedades/bodega-en-renta-toluca-en-parque-industrial-ocupacion-inmediata-ty9845
/propiedades/bodega-en-renta-toluca-en-parque-industrial-ocupaci-n-inmediata-910b6,/propiedades/bodega-en-renta-toluca-en-parque-industrial-ocupacion-inmediata-tz2833
/propiedades/bodega-en-renta-toluca-en-parque-industrial-ocupaci-n-inmediata-9efad,/propiedades/bodega-en-renta-toluca-en-parque-industrial-ocupacion-inmediata-ud1536
/propiedades/bodega-en-renta-toluca-en-parque-industrial-ocupaci-n-inmediata-2c410,/propiedades/bodega-en-renta-toluca-en-parque-industrial-ocupacion-inmediata-ue0696
/propiedades/bodega-en-renta-toluca-ocupaci-n-inmediata,/propiedades/bodega-en-renta-toluca-ocupacion-inmediata-um0278
/propiedades/bodega-en-renta-tonal-guadalajara-en-parque-industrial-ocupaci-n-inmediata,/propiedades/bodega-en-renta-tonala-guadalajara-en-parque-industrial-ocupacion-inmediata-uu6731
/propiedades/bodega-en-renta-tultepec-en-parque-industrial,/propiedades/bodega-en-renta-tultepec-en-parque-industrial-vm8463
/propiedades/bodega-en-renta-tultepec-en-parque-industrial-255dc,/propiedades/bodega-en-renta-tultepec-en-parque-industrial-ocupacion-inmediata-vx4671
/propiedades/bodega-en-renta-tultepec-en-parque-industrial-91350,/propiedades/bodega-en-renta-tultepec-en-parque-industrial-ocupacion-inmediata-vx4710
/propiedades/bodega-en-renta-tultepec-en-parque-industrial-36a73,/propiedades/bodega-en-renta-tultepec-en-parque-industrial-ocupacion-inmediata-vx4760
/propiedades/bodega-en-renta-tultepec-en-parque-industrial-84775,/propiedades/bodega-en-renta-tultepec-en-parque-industrial-ocupacion-inmediata-vx6545
/propiedades/bodega-en-renta-tultepec-en-parque-industrial-9fb4d,/propiedades/bodega-en-renta-tultepec-en-parque-industrial-ocupacion-inmediata-vx6575
/propiedades/bodega-en-renta-tultepec-en-parque-industrial-c7231,/propiedades/bodega-en-renta-tultepec-en-parque-industrial-ocupacion-inmediata-vx6616
/propiedades/bodega-en-renta-tultepec-en-parque-industrial-f3553,/propiedades/bodega-en-renta-tultepec-en-parque-industrial-ocupacion-inmediata-vx6639
/propiedades/bodega-en-renta-tultitl-n-con-seguridad-ocupaci-n-inmediata,/propiedades/bodega-en-renta-tultitlan-con-seguridad-ocupacion-inmediata-vx7960
/propiedades/bodega-en-renta-tultitlan-en-parque-industrial-2,/propiedades/bodega-en-renta-tultitlan-en-parque-industrial-vp8695
/propiedades/bodega-en-renta-tultitlan-en-parque-industrial-3,/propiedades/bodega-en-renta-tultitlan-en-parque-industrial-vp8674
/propiedades/bodega-en-renta-tultitlan-en-parque-industrial-4,/propiedades/bodega-en-renta-tultitlan-en-parque-industrial-vp8360
/propiedades/bodega-en-renta-tultitlan-en-parque-industrial-5,/propiedades/bodega-en-renta-tultitlan-en-parque-industrial-vp8338
/propiedades/bodega-en-renta-tultitlan-en-parque-industrial-6,/propiedades/bodega-en-renta-tultitlan-en-parque-industrial-ocupacion-inmediata-vn0842
/propiedades/bodega-en-renta-tultitl-n-en-parque-industrial-0c1da,/propiedades/bodega-en-renta-tultitlan-en-parque-industrial-ocupacion-inmediata-ub2432
/propiedades/bodega-en-renta-tultitl-n-en-parque-industrial-a2b6b,/propiedades/bodega-en-renta-tultitlan-en-parque-industrial-ocupacion-inmediata-ud8270
/propiedades/bodega-en-renta-tultitl-n-en-parque-industrial-ac24e,/propiedades/bodega-en-renta-tultitlan-en-parque-industrial-ocupacion-inmediata-ud8320
/propiedades/bodega-en-renta-tultitl-n-en-parque-industrial-edab8,/propiedades/bodega-en-renta-tultitlan-en-parque-industrial-ocupacion-inmediata-ul8426
/propiedades/bodega-en-renta-tultitl-n-en-parque-industrial-57be7,/propiedades/bodega-en-renta-tultitlan-en-parque-industrial-vh8504
/propiedades/bodega-en-renta-tultitl-n-en-parque-industrial-7a05f,/propiedades/bodega-en-renta-tultitlan-en-parque-industrial-vi1233
/propiedades/bodega-en-renta-tultitl-n-en-parque-industrial-21dd2,/propiedades/bodega-en-renta-tultitlan-en-parque-industrial-vi1273
/propiedades/bodega-en-renta-tultitl-n-en-parque-industrial-e8d76,/propiedades/bodega-en-renta-tultitlan-en-parque-industrial-vi1319
/propiedades/bodega-en-renta-tultitl-n-en-parque-industrial-570be,/propiedades/bodega-en-renta-tultitlan-en-parque-industrial-vi1346
/propiedades/bodega-en-renta-tultitl-n-en-parque-industrial-99116,/propiedades/bodega-en-renta-tultitlan-en-parque-industrial-vi3596
/propiedades/bodega-en-renta-tultitl-n-en-parque-industrial-31143,/propiedades/bodega-en-renta-tultitlan-en-parque-industrial-vi3862
/propiedades/bodega-en-renta-tultitl-n-en-parque-industrial-3353f,/propiedades/bodega-en-renta-tultitlan-en-parque-industrial-vi4474
/propiedades/bodega-en-renta-tultitl-n-en-parque-industrial-497a3,/propiedades/bodega-en-renta-tultitlan-en-parque-industrial-vi4517
/propiedades/bodega-en-renta-tultitl-n-en-parque-industrial-5a907,/propiedades/bodega-en-renta-tultitlan-en-parque-industrial-vi4548
/propiedades/bodega-en-renta-tultitl-n-en-parque-industrial-e3596,/propiedades/bodega-en-renta-tultitlan-en-parque-industrial-vi5098
/propiedades/bodega-en-renta-tultitlan-en-parque-industrial-ocupacion-inmediata,/propiedades/bodega-en-renta-tultitlan-en-parque-industrial-ocupacion-inmediata-uv4564
/propiedades/bodega-en-renta-tultitl-n-en-parque-industrial-ocupaci-n-inmediata-6e778,/propiedades/bodega-en-renta-tultitlan-en-parque-industrial-ocupacion-inmediata-us8361
/propiedades/bodega-en-renta-tultitl-n-en-parque-industrial-ocupaci-n-inmediata-49557,/propiedades/bodega-en-renta-tultitlan-en-parque-industrial-ocupacion-inmediata-vx1518
/propiedades/bodega-en-renta-tultitl-n-en-parque-industrial-ocupaci-n-inmediata-3c54f,/propiedades/bodega-en-renta-tultitlan-en-parque-industrial-ocupacion-inmediata-vx1547
/propiedades/bodega-en-renta-tultitl-n-en-parque-industrial-ocupaci-n-inmediata-947e7,/propiedades/bodega-en-renta-tultitlan-en-parque-industrial-ocupacion-inmediata-vx1602
/propiedades/bodega-en-renta-tultitl-n-en-parque-industrial-ocupaci-n-inmediata-88e15,/propiedades/bodega-en-renta-tultitlan-en-parque-industrial-ocupacion-inmediata-uv4738
/propiedades/bodega-en-renta-vallejo-en-parque-industrial,/propiedades/bodega-en-renta-vallejo-en-parque-industrial-qr0245
/propiedades/bodega-en-renta-vallejo-en-parque-industrial-17b2d,/propiedades/bodega-en-renta-vallejo-en-parque-industrial-qr5651
/propiedades/bodega-en-renta-vallejo-en-parque-industrial-23bdf,/propiedades/bodega-en-renta-vallejo-en-parque-industrial-sn5152
/propiedades/bodega-en-renta-vallejo-en-parque-industrial-bcebd,/propiedades/bodega-en-renta-vallejo-en-parque-industrial-sn5174
/propiedades/bodega-en-renta-vallejo-en-parque-industrial-75e34,/propiedades/bodega-en-renta-vallejo-en-parque-industrial-sn5213
/propiedades/bodega-en-renta-vallejo-ocupaci-n-inmediata,/propiedades/bodega-en-renta-vallejo-ocupacion-inmediata-il2589
/propiedades/bodega-en-renta-en-apodaca-monterrey-en-parque-industrial,/propiedades/bodega-en-renta-en-apodaca-monterrey-en-parque-industrial-mr9952
/propiedades/bodega-en-renta-en-apodaca-monterrey-en-parque-industrial-6f466,/propiedades/bodega-en-renta-en-apodaca-monterrey-en-parque-industrial-rf2928
/propiedades/bodega-en-renta-en-cuautitl-n-izcalli-en-parque-industrial-ocupaci-n-inmediata,/propiedades/bodega-en-renta-en-cuautitlan-izcalli-en-parque-industrial-ocupacion-inmediata-ut5058
/propiedades/bodega-en-renta-en-cuautitl-n-izcalli-en-parque-industrial-ocupaci-n-inmediata-2858f,/propiedades/bodega-en-renta-en-cuautitlan-izcalli-en-parque-industrial-ocupacion-inmediata-vc2022
/propiedades/bodega-en-renta-en-cuautitl-n-izcalli-en-parque-industrial-ocupaci-n-inmediata-d15e3,/propiedades/bodega-en-renta-en-cuautitlan-izcalli-en-parque-industrial-ocupacion-inmediata-vc2082
/propiedades/bodega-en-renta-en-cuautitl-n-izcalli-en-parque-industrial-ocupaci-n-inmediata-34570,/propiedades/bodega-en-renta-en-cuautitlan-izcalli-en-parque-industrial-ocupacion-inmediata-vx7618
/propiedades/bodega-en-renta-en-cuautitl-n-izcalli-en-parque-industrial-ocupaci-n-inmediata-8ca1f,/propiedades/bodega-en-renta-en-cuautitlan-izcalli-en-parque-industrial-ocupacion-inmediata-vy6887
/propiedades/bodega-en-venta-atizap-n,/propiedades/bodega-en-venta-atizapan-qx1960
/propiedades/bodega-en-venta-atizap-n-c3af4,/propiedades/bodega-en-venta-atizapan-se9757
/propiedades/edificio-en-renta-tlalpan-en-conjunto-con-seguridad-ocupaci-n-inmediata,/propiedades/edificio-en-renta-tlalpan-en-conjunto-con-seguridad-ocupacion-inmediata-sv7170
/propiedades/terreno-en-venta-calamanda-quer-taro,/propiedades/terreno-en-venta-calamanda-queretaro-si7616
/propiedades/terreno-en-venta-ci-nega-de-flores-monterrey,/propiedades/terreno-en-venta-cienega-de-flores-monterrey-qc1912
/propiedades/terreno-en-venta-huehuetoca,/propiedades/terreno-en-venta-huehuetoca-in4670
/propiedades/terreno-en-venta-monterrey-en-parque-industrial-ocupaci-n-inmediata,/propiedades/terreno-en-venta-monterrey-en-parque-industrial-ocupacion-inmediata-nz2617
/propiedades/terreno-en-venta-monterrey-en-parque-industrial-ocupaci-n-inmediata-f6dcb,/propiedades/terreno-en-venta-monterrey-en-parque-industrial-ocupacion-inmediata-sv1951
/propiedades/terreno-en-venta-monterrey-en-parque-industrial-ocupaci-n-inmediata-6a97b,/propiedades/terreno-en-venta-monterrey-en-parque-industrial-ocupacion-inmediata-nz2582
/propiedades/terreno-en-venta-silao-guanajuato,/propiedades/terreno-en-venta-silao-guanajuato-qc3415
/propiedades/terreno-en-venta-teoloyucan,/propiedades/terreno-en-venta-teoloyucan-ra1587
/propiedades/terreno-en-venta-teoloyucan-c134c,/propiedades/terreno-en-venta-teoloyucan-ra1627
/propiedades/terreno-en-venta-teoloyucan-9888a,/propiedades/terreno-en-venta-teoloyucan-rl6142
/propiedades/terreno-en-venta-tec-mac,/propiedades/terreno-en-venta-tecamac-jl3736
